text,label
"tinder may terminate your account at any time without notice if it believes that you have violated this agreement . 
",1
"though tinder strives to encourage a respectful user experience through features like the double opt-in that only allows users to communicate if they have both indicated interest in one another , it is not responsible for the conduct of any user on or off of the services . 
",0
"the company may investigate and take any available legal action in response to illegal and / or unauthorized uses of the service , including termination of your account . 
",1
"if we feel that your behavior towards any of our customer care representatives or other employees is at any time threatening or offensive , we reserve the right to immediately terminate your account . 
",1
"tinder reserves the right to investigate and / or terminate your account without a refund of any purchases if you have misused the service or behaved in a way that tinder regards as inappropriate or unlawful , including actions or communications that occur off the service but involve users you meet through the service . 
",1
"if you initiate a chargeback or otherwise reverse a payment made with your payment method , tinder may terminate your account immediately in its sole discretion . 
",1
"tinder shall have no liability to you or any third party in the event that tinder exercises any such rights . 
",0
"you acknowledge that tinder is not required to provide a refund for any reason , and that you will not receive money or other compensation for unused virtual items when an account is closed , whether such closure was voluntary or involuntary . 
",0
"tinder does not represent or warrant that ( a ) the service will be uninterrupted , secure or error free , ( b ) any defects or errors in the service will be corrected , or ( c ) that any content or information you obtain on or through the services will be accurate . 
",0
"tinder takes no responsibility for any content that you or another user or third party posts , sends or receives through the services . 
",0
"tinder is not responsible or liable for such third parties ' terms or actions . 
",0
"to the fullest extent permitted by applicable law , in no event will tinder , its affiliates , employees , licensors or service providers be liable for any indirect , consequential , exemplary , incidental , special or punitive damages , including , without limitation , loss of profits , whether incurred directly or indirectly , or any loss of data , use , goodwill , or other intangible losses , resulting from : ( i ) your access to or use of or inability to access or use the services , ( ii ) the conduct or content of other users or third parties on , through , or following use of the services ; or ( iii ) unauthorized access , use or alteration of your content , even if tinder has been advised of the possibility of such damages . 
",0
"in no event will tinder 's aggregate liability to you for all claims relating to the service exceed the amount paid , if any , by you to tinder for the service while you have an account . 
",0
"your right to use the service is subject to any limitations , conditions and restrictions established by us from time to time , in our sole discretion . 
",1
"if your account is seen to be dormant ( showing no transactions ) for 18 months or more , we reserve the right to terminate your account . 
",1
"we expressly exclude , to the fullest extent permitted by law , all liability of betterpoints.uk , its directors , employees or other representatives , howsoever arising , for any loss suffered as a result of your use of this website or involvement in any way with betterpoints.uk . 
",0
"betterpoints.uk is also not responsible or liable for any reputational goodwill damage or loss to you through being associated with betterpoints.uk by being a member , partner , merchant or any other involvement with betterpoints.uk . 
",0
"we may , in our sole discretion , terminate or suspend your access to all or part of the service at any time , with or without notice , for any reason , including , without limitation , breach of this agreement . 
",1
"without limiting the generality of the foregoing , any fraudulent , abusive , or otherwise illegal activity , or that may otherwise affect the enjoyment of the service or the internet by others may be grounds for termination of your access to all or part of the service at our sole discretion , and you may be referred to appropriate law enforcement agencies . 
",1
"you acknowledge that we are not responsible for suspension of the service , regardless of the cause of the interruption or suspension . 
",0
"these are provided for your convenience and we are not responsible for and do not give any warranties or make any representations regarding any external links and are not responsible for or liable in relation to the content or your use of any external links . 
",0
"we are not responsible for and do not give any warranties or make any representations regarding any causes that are introduced and do not give any warranties and are not responsible for or liable in relation to involvement in these causes or any outcome from any involvement . 
",0
"betterpoints.uk is also not responsible or liable for any reputational and goodwill damage or loss to you through being associated with betterpoints.uk by being a member , partner , merchant or any other involvement with betterpoints.uk within the area of causes . 
",0
"betterpoints.uk is also not responsible or liable for any reputational and goodwill damage or loss to you through being associated with betterpoints.uk by being a member , partner , merchant or any other involvement with betterpoints.uk within the area of transfer of funds . 
",0
"we expressly exclude , to the fullest extent permitted by law , all liability of betterpoints.uk , its directors , employees or other representatives , howsoever arising , for any loss suffered as a result of your use of this website or involvement in any way with betterpoints.uk . 
",0
"subject as provided below , neither deliveroo nor any partner restaurant shall have have any liability to you for any direct , indirect , special or consequential losses or damages arising in contract , tort ( including negligence ) or otherwise arising from your use of or your inability to use our service . 
",0
"in the event that deliveroo or the partner restaurant is found to be liable to you our total aggregate liability is limited to the purchase price of the meals you have paid for in your order . 
",0
"we will not be liable if , for any reason , our site or our service is unavailable at any time or for any period . 
",0
"we can deactivate your account at any time . 
",1
"however , we will not be responsible for any errors or omissions in relation to such content or for any technical problems you may experience with our site or our service . 
",0
"to the extent permitted by law , we exclude all liability ( whether arising in contract , in negligence or otherwise ) for loss or damage which you or any third party may incur in connection with our site , our service , and any website linked to our site and any materials posted on it . 
",0
"9gag , inc may also impose limits on certain features and services or restrict subscriber 's access to parts or all of the services without notice or liability . 
",0
"you agree that neither 9gag , inc nor the site will be liable in any event to you or any other party for any suspension , modification , discontinuance or lack of availability of the site , the service , your subscriber content or other content . 
",0
"9gag , inc retains the right to create limits on use and storage in its sole discretion at any time with or without notice . 
",1
"any fraudulent , abusive , or otherwise illegal activity or any use of the services or content in violation of this agreement may be grounds for termination of subscriber 's right to services or to access the site . 
",1
"to the fullest extent allowed by law , 9gag , inc disclaims any liability or responsibility for the accuracy , reliability , availability , completeness , legality or operability of the material or services provided on this site . 
",0
"by using this site , you acknowledge that 9gag , inc is not responsible or liable for any harm resulting from ( 1 ) use of the site ; ( 2 ) downloading information contained on the site including but not limited to downloads of content posted by subscribers ; ( 3 ) unauthorized disclosure of images , information or data that results from the upload , download or storage of content posted by subscribers ; ( 4 ) the temporary or permanent inability to access or retrieve any subscriber content from the site , including , without limitation , harm caused by viruses , worms , trojan horses , or any similar contamination or destructive program . 
",0
"in no event shall 9gag , inc , its directors , officers , shareholders , employees or members be liable with respect to the site or the services for ( a ) any indirect , incidental , punitive , or consequential damages of any kind whatsoever ; ( b ) damages for loss of use , profits , data , images , subscriber content or other intangibles ; ( c ) damages for unauthorized use , non-performance of the site , errors or omissions ; or ( d ) damages related to downloading or posting content . 
",0
"9gag , inc 's and the site 's collective liability under this agreement shall be limited to three hundred u.s. dollars . 
",0
"either party may terminate the services at any time by notifying the other party by any means . 
",1
"9gag , inc may also terminate or suspend any and all services and access to the site immediately , without prior notice or liability , if subscriber breaches any of the terms or conditions of this agreement . 
",1
"9gag , inc shall not be liable for any failure to perform its obligations hereunder where such failure results from any cause beyond 9gag , inc 's reasonable control , including , without limitation , mechanical , electronic or communications failure or degradation . 
",0
"9gag has discretion , however , to terminate the account of any user after receipt of a single notification of claimed infringement or upon 9gag 's own determination . 
",1
"booking.com disclaims any liability or responsibility for any communication with the supplier on or through its platform . 
",0
"we are not responsible or liable for ( and have no obligation to verify ) any wrong or misspelled email address or inaccurate or wrong ( mobile ) phone number or credit card number . 
",0
"subject to the limitations set out in these terms and conditions and to the extent permitted by law , we shall only be liable for direct damages actually suffered , paid or incurred by you due to an attributable shortcoming of our obligations in respect to our services , up to an aggregate amount of the aggregate cost of your reservation as set out in the confirmation email ( whether for one event or series of connected events ) . 
",0
"however and to the extent permitted by law , neither we nor any of our officers , directors , employees , representatives , subsidiaries , affiliated companies , distributors , affiliate ( distribution ) partners , licensees , agents or others involved in creating , sponsoring , promoting , or otherwise making available the site and its contents shall be liable for ( i ) any punitive , special , indirect or consequential loss or damages , any loss of production , loss of profit , loss of revenue , loss of contract , loss of or damage to goodwill or reputation , loss of claim , ( ii ) any inaccuracy relating to the ( descriptive ) information ( including rates , availability and ratings ) of the supplier as made available on our platform , ( iii ) the services rendered or the products offered by the supplier or other business partners , ( iv ) any ( direct , indirect , consequential or punitive ) damages , losses or costs suffered , incurred or paid by you , pursuant to , arising out of or in connection with the use , inability to use or delay of our platform , or ( v ) any ( personal ) injury , death , property damage , or other ( direct , indirect , special , consequential or punitive ) damages , losses or costs suffered , incurred or paid by you , whether due to ( legal ) acts , errors , breaches , ( gross ) negligence , willful misconduct , omissions , non-performance , misrepresentations , tort or strict liability by or ( wholly or partly ) attributable to the supplier or any of our other business partners ( including any of their employees , directors , officers , agents , representatives or affiliated companies ) whose products or service are ( directly or indirectly ) made available , offered or promoted on or through the platform , including any ( partial ) cancellation , overbooking , strike , force majeure or any other event beyond our control . 
",0
"5.5 as part of this continuing innovation , you acknowledge and agree that youtube may stop ( permanently or temporarily ) providing the service ( or any features within the service ) to you or to users generally at youtube 's sole discretion , without prior notice to you . 
",1
"5.6 you agree that you are solely responsible for ( and that youtube has no responsibility to you or to any third party for ) any breach of your obligations under the terms and for the consequences ( including any loss or damage which youtube may suffer ) of any such breach . 
",0
"6.2 as part of youtube 's copyright policy , youtube will terminate user access to the / service if a user has been determined to be a repeat infringer . 
",1
"11.3 youtube may at any time terminate its legal agreement with you if : a.you have breached any provision of the terms ( or have acted in manner which clearly shows that you do not intend to , or are unable to comply with the provisions of the terms ) ; or b. youtube is required to do so by law ( for example , where the provision of the service to you is , or becomes , unlawful ) ; or 
",1
"11.4 youtube may terminate its legal agreement with you if : youtube is transitioning to no longer providing the service to users in the country in which you are resident or from which you use the service ; or the provision of the service to you by youtube is , in youtube 's opinion , no longer commercially viable and in the case of each of a and b of this clause 11.4 shall , where possible , give reasonable notice of such termination . 
",1
"13.2 subject to the overall provision in paragraph 13.1 above youtube shall not be liable to you for : a. any indirect or consequential losses which may be incurred by you . 
",0
"this shall include ; ( i ) any loss of profit ( whether incurred directly or indirectly ) ; ( ii ) any loss of goodwill or business reputation ; ( iii ) any loss of opportunity ; or ( iv ) any loss of data suffered by you ; b.any loss or damage which may be incurred by you as a result of : i.any reliance placed by you on the completeness , accuracy or existence of any advertising , or as a result of any relationship or transaction between you and any advertiser or sponsor whose advertising appears on the service ; ii . 
",0
"any changes which youtube may make to the service , or for any permanent or temporary cessation in the provision of the service ( or any features within the service ) ; iii . 
",0
"the deletion of , corruption of , or failure to store , any content and other communications data maintained or transmitted by or through your use of the service ; iv . 
",0
"your failure to provide youtube with accurate account information ; v. your failure to keep your password or youtube account details secure and confidential . 
",0
"13.3 the limitations on youtube 's liability to you in paragraph 13.2 above shall apply whether or not youtube has been advised of or should have been aware of the possibility of any such losses arising . 
",0
"under no circumstances will yahoo be liable in any way for any content , including , but not limited to , any errors or omissions in any content , or any loss or damage of any kind incurred as a result of the use of any content posted , emailed , transmitted or otherwise made available via the yahoo services . 
",0
"you agree that yahoo has no responsibility or liability for the deletion or failure to store any messages and other communications or other content maintained or transmitted by the yahoo services . 
",0
"you acknowledge that yahoo reserves the right to log off accounts that are inactive for an extended period of time . 
",1
"you agree that yahoo shall not be liable to you or to any third party for any modification , suspension or discontinuance of the yahoo services ( or any part thereof ) . 
",0
"you agree that yahoo may , without prior notice , immediately terminate , limit your access to or suspend your yahoo account , any associated email address , and access to the yahoo services . 
",1
"cause for such termination , limitation of access or suspension shall include , but not be limited to , ( a ) breaches or violations of the tos or other incorporated agreements or guidelines , ( b ) requests by law enforcement or other government agencies , ( c ) discontinuance or material modification to the yahoo services ( or any part thereof ) , ( d ) unexpected technical or security issues or problems , ( e ) extended periods of inactivity , ( f ) engagement by you in fraudulent or illegal activities , and/or ( g ) nonpayment of any fees owed by you in connection with the yahoo services . 
",1
"further , you agree that all terminations , limitations of access and suspensions for cause shall be made in yahoo 's sole discretion and that yahoo shall not be liable to you or any third party for any termination of your account , any associated email address , or access to the yahoo services . 
",0
"you further acknowledge and agree that yahoo shall not be responsible or liable , directly or indirectly , for any damage or loss caused or alleged to be caused by or in connection with use of or reliance on any such content , goods or services available on or through any such site or resource . 
",0
"you expressly understand and agree that yahoo and its subsidiaries , affiliates , officers , employees , agents , partners and licensors shall not be liable to you for any punitive , indirect , incidental , special , consequential or exemplary damages , including , but not limited to , damages for loss of profits , goodwill , use , data or other intangible losses ( even if yahoo has been advised of the possibility of such damages ) , resulting from : ( a ) the use or the inability to use the yahoo service ; ( b ) the cost of procurement of substitute goods and services ; ( c ) unauthorized access to or alteration of your transmissions or data ; ( d ) statements or conduct of any third party on the yahoo service ; or ( e ) any other matter relating to the yahoo service . 
",0
"yahoo may , in appropriate circumstances and at its discretion , disable and/or terminate the accounts of users who may be repeat infringers . 
",1
"notwithstanding any other remedies available to truecaller , you agree that truecaller may suspend or terminate your use of the services without notice if you use the services or the content in any prohibited manner , and that such use will be deemed a material breach of these terms . 
",1
"any such unmoderated content will not be covered by constitutional protection under the swedish fundamental law on freedom of expression as per the paragraph above and truecaller will not be liable for the publication of such content . 
",0
"you are solely liable for any content that you post or communicate directly in or on the services and you agree to only post or communicate content that : 
",0
"such third party content , websites and services may be subject to the respective third party terms and conditions and truecaller will not be liable for any such third party content , websites or services . 
",0
"you understand and acknowledge that the services may be unavailable from time to time and that truecaller will not be liable for your inability to use the services for whatever reason . 
",0
"to the maximum extent permitted by applicable law , you expressly agree that truecaller shall in no event be liable for any direct , indirect , special , incidental , consequential or exemplary damages , including but not limited to damages for loss of profits , data and goodwill , arising out of the use or inability to use the services or the content , even if advised of the possibility of such damages . 
",0
"in particular , and without limitation , truecaller shall have no liability for any information stored or processed within the services , including the costs of recovering such information . 
",0
"truecaller shall not be liable for the validity , reliability or correctness of the content and information provided through and in connection with use of the services . 
",0
"any use of the content and information obtained through the use of the services shall be at your own discretion and risk . 
",0
"failure to pay these fees may result in suspension or termination of your service or subscription . 
",1
"truecaller may terminate the terms and your use of the services at any time with thirty ( 30 ) days ' advance notice . 
",1
"these terms will automatically terminate if you fail to comply with them . 
",1
"you will not be entitled to claim damages for such suspension or limitation of the use of any software , product or skype website . 
",0
"skype will have no liability for your failed emergency call in such circumstances . 
",0
"skype takes no responsibility for any disruption , interruption or delay caused by any failure of or inadequacy in any of these items or any other items over which we have no control . 
",0
"skype takes no responsibility for your failure to comply with the obligations in this paragraph 6.1 . 
",0
"11.2 skype may terminate its relationship with you , or may terminate or suspend your use of the software , user account ( s ) , products or skype websites at any time and without recourse to the courts : ( a ) if you are in breach of these terms ; ( b ) if skype reasonably suspects that you are using the software , the products and/or skype websites to break the law or infringe third party rights ; ( c ) if skype reasonably suspects that you are trying to unfairly exploit or misuse the refund policy , or any of our policies ; ( d ) if skype reasonably suspects that you are using our products , software and/or skype websites fraudulently or that your user account is being used by a third party fraudulently ; ( e ) if you have purchased skype credit from an unauthorised reseller ; ( f ) in respect of a particular product , on thirty ( 30 ) days notice if skype decides to cease offering that product ; ( g ) immediately , if required due to a change in laws/regulation by a regulator or authority with a lawful mandate , or by any of skype 's partners ; ( h ) on thirty ( 30 ) days notice if skype decides to cease offering the software to users in your jurisdiction generally . 
",1
"we reserve the right to cancel user accounts that have been inactive for more than one ( 1 ) year . 
",1
"12.4 no liability : you acknowledge and agree that skype will have no liability whatsoever , whether in contract , tort ( including negligence ) or any other theory of liability , and whether or not the possibility of such damages or losses has been notified to skype , in connection with or arising from your use of skype websites , or the internet communications software or other software that is provided free of charge . 
",0
"( a ) any indirect , special , incidental or consequential damages ; or 
",0
"( b ) any loss of income , business , actual or anticipated profits , opportunity , goodwill or reputation ( whether direct or indirect ) ; or 
",0
"( c ) any damage to or corruption of data ( whether direct or indirect ) ; 
",0
"( d ) any claim , damage or loss ( whether direct or indirect ) arising from or relating to : 
",0
"( i ) your inability to use the software to contact emergency services ; 
",0
"( ii ) your failure to make additional arrangements to access emergency services in accordance with paragraph 5.5 above ; 
",0
"( iii ) the service limitations set out in paragraph 5.6 ; 
",0
"( iv ) your failure to provide accurate physical location information to an emergency services operative ; or 
",0
"( v ) conduct of third party emergency services operatives and calling centres to which you may be connected . 
",0
"( e ) any claim , damage or loss ( whether direct or indirect ) arising from or relating to : 
",0
"( i ) any product or service provided by a third party under their own terms of service , including without limitation , skype wifi ; 
",0
"12.6 subject to paragraphs 12.3 - 12.5 above , skype 's total liability to you under or in connection with these terms ( whether in contract , tort ( including negligence ) or any other theory of liability ) ) shall not exceed in aggregate the amount paid by you for the products in the 12 month period immediately prior to the date of the event giving rise to the relevant claim , subject to a maximum of five thousand euros in all cases . 
",0
"whilst skype takes no responsibility for such products or services , if you encounter any problems with payment for or download , use of installation of such products or services , skype will use commercially reasonable endeavours to assist or resolve the problems . 
",0
"skype is not responsible for such third party websites or the availability of such websites and does not endorse any content or material on such third party websites . 
",0
"18.8 you acknowledge and agree that if skype is unable to provide the software , products and/or skype websites as a result of a force majeure event , skype will not be in breach of any of its obligations towards you under these terms . 
",0
"the right to use the number and the cancellation of such right rest with the skype manager administrator at his/her sole discretion and not you . 
",1
"skype may at its option , terminate its relationship with you , or may suspend your subscription immediately if it determines you are using your subscription contrary to this fup or skype 's terms of use . 
",1
"skype may in its option , terminate its relationship with you , or suspend your account immediately if it determines you are using video messaging contrary to this fup or these terms . 
",1
"you may not offer any account for sale or trade , and any such offer : ( 1 ) is a violation of this agreement ; ( 2 ) may result in suspension or termination of the account at blizzard entertainment 's sole and absolute discretion ; and ( 3 ) will not be opposable to blizzard entertainment . 
",1
"unless otherwise stated herein , there are no refunds where the account is terminated prior to the end of a subscription period ; the service will be available for your use until such time that the then-current subscription period expires . 
",0
"without limiting the foregoing , blizzard entertainment retains the right to decline service to any user who violates the bnet tou , the terms of use and/or the eula . 
",1
"note that it is your responsibility to be aware of such notices , and you hereby acknowledge and agree that blizzard entertainment shall not be responsible for any damages which may arise from your failure to read and/or be aware of these publicly posted notices . 
",0
"blizzard entertainment reserves the right to terminate this agreement as follows : if you fail to comply with any terms contained in this agreement , blizzard entertainment will provide you with a warning of your non-compliance . 
",1
"in case of a serious violation of this agreement , blizzard entertainment will be entitled to immediately terminate this agreement without any prior warning . 
",1
"also , note that in the event that blizzard entertainment terminates this agreement for breach of these terms of use , any right to any and all payments you may have made for pre-purchased game access to world of warcraft are forfeit , and you agree and acknowledge that you are not entitled to any refund for any amounts which were pre-paid on your account prior to any termination of this agreement . 
",0
"without limiting the liability under article xvii .1 . 
",0
"above , blizzard entertainment is only liable for slight negligence in case of a breach of a material contractual obligation . 
",0
"if we at viber believe the details are not correct , current , or complete , we have the right prevent you from accessing our services , or any of its resources and to terminate or suspend your account . 
",1
"any use of the forums will be at your own risk and will be subject to the disclaimers and limitations on liability set out above . 
",0
"viber will not be liable for any loss that you may incur as a result of someone else using your user account , either with or without your knowledge . 
",0
"if you use a username and password that viber considers insecure , viber will be entitled to require this to be changed and/or terminate your user account . 
",1
"where permissible under the law , viber has the right to terminate your rights under our service without notice . 
",1
"the viber group disclaims all liability , whether based in contract , tort ( including negligence ) , strict liability , or otherwise , and does not accept any liability for any loss or damage ( direct , indirect , punitive , actual , consequential , incidental , special , exemplary , or otherwise ) resulting from any use of , or inability to use , the service or any other site , app or service , or the material , information , software , facilities , services , or other content on the service or any other site , app or service , regardless of the basis upon which liability is claimed and even if any member of the viber group has been advised of the possibility of such loss or damage . 
",0
"if applicable law does not allow all or any part of the above limitation of liability to apply to you , the limitations will apply to you only to the extent permitted by applicable law . 
",0
"in no event shall our total liability to you for all damages ( other than as may be required by applicable law in cases involving personal injury ) exceed the amount of fifty dollars ( $ 50.00 ) . 
",0
": if you violate these terms , we may stop providing services to you or we may close your microsoft account or skype account . 
",1
"if we reasonably suspect that your microsoft account or skype account is being used by a third party fraudulently ( for example , as a result of an account compromise ) , microsoft may suspend your account until you can reclaim ownership . 
",1
"we strive to keep the services up and running ; however , all online services suffer occasional disruptions and outages , and microsoft is not liable for any disruption or loss you may suffer as a result . 
",0
"if you have any basis for recovering damages ( including breach of these terms ) , you agree that your exclusive remedy is to recover , from microsoft or any affiliates , resellers , distributors , third-party apps and services providers , and vendors , direct damages up to an amount equal to your services fee for the month during which the breach occurred ( or up to $ 10.00 if the services are free ) . 
",0
"you ca n't recover any other damages or losses , including direct , consequential , lost profits , special , indirect , incidental , or punitive . 
",0
"these limitations and exclusions apply even if this remedy does n't fully compensate you for any losses or fails of its essential purpose or if we knew or should have known about the possibility of the damages . 
",0
"to the maximum extent permitted by law , these limitations and exclusions apply to anything or any claims related to these terms , the services , or the software related to the services . 
",0
"your program account will be cancelled if you do not log in at least once in a 180-day period . 
",1
"additionally , microsoft reserves the right to cancel the program account of a specific user without cause and without providing a reason . 
",1
"microsoft reserves the right to disqualify you ; disable your access to the program or your rewards account ; and/or withhold points , rewards and charitable contributions , if microsoft believes you are tampering with or abusing any aspect of the program or may be engaging in activities that violate these terms . 
",1
"microsoft is not responsible if a cortana communication management feature delays or prevents you from reviewing or sending a communication . 
",0
"in appropriate circumstances , microsoft may also disable or terminate accounts of users of microsoft services who may be repeat infringers . 
",1
"this remedy does n't fully compensate you for any losses ; or 
",0
"violation of these terms of use may , in instagram 's sole discretion , result in termination of your instagram account . 
",1
"if you violate the letter or spirit of these terms of use , or otherwise create risk or possible legal exposure for instagram , we can stop providing all or part of the service to you . 
",1
"you agree that instagram is not responsible or liable for the conduct of any user . 
",0
"you expressly acknowledge and agree that instagram is in no way responsible or liable for any such third-party services or features . 
",0
"instagram will not be liable to you for any modification , suspension , or discontinuation of the services , or the loss of any content . 
",0
"except as otherwise described in the service 's privacy policy , available at http://instagram.com/legal/privacy/ , as between you and instagram , any content will be non-confidential and non-proprietary and we will not be liable for any use or disclosure of content . 
",0
"none of your content will be subject to any obligation of confidence on the part of instagram , and instagram will not be liable for any use or disclosure of any content you provide . 
",0
"the instagram parties do not endorse content and specifically disclaim any responsibility or liability to any person or entity for any loss , damage ( whether actual , consequential , punitive or otherwise ) , injury , claim , liability or other cause of any kind or character based upon or resulting from any content . 
",0
"under no circumstances will the instagram parties be liable to you for any loss or damages of any kind ( including , without limitation , for any direct , indirect , economic , exemplary , special , punitive , incidental or consequential losses or damages ) that are directly or indirectly related to : ( a ) the service ; ( b ) the instagram content ; ( c ) user content ; ( d ) your use of , inability to use , or the performance of the service ; ( e ) any action taken in connection with an investigation by the instagram parties or law enforcement authorities regarding your or any other party 's use of the service ; ( f ) any action taken in connection with copyright or other intellectual property owners ; ( g ) any errors or omissions in the service 's operation ; or ( h ) any damage to any user 's computer , mobile device , or other equipment or technology including , without limitation , damage from any security breach or from any virus , bugs , tampering , fraud , error , omission , interruption , defect , delay in operation or transmission , computer line or network failure or any other technical or other malfunction , including , without limitation , damages for lost profits , loss of goodwill , loss of data , work stoppage , accuracy of results , or computer failure or malfunction , even if foreseeable or even if the instagram parties have been advised of or should have known of the possibility of such damages , whether in an action of contract , negligence , strict liability or tort ( including , without limitation , whether caused in whole or in part by negligence , acts of god , telecommunications failure , or theft or destruction of the service ) . 
",0
"in no event will the instagram parties be liable to you or anyone else for loss , damage or injury , including , without limitation , death or personal injury . 
",0
"in no event will the instagram parties total liability to you for all damages , losses or causes or action exceed one hundred united states dollars ( $ 100.00 ) . 
",0
"instagram is not responsible for the actions , content , information , or data of third parties , and you release us , our directors , officers , employees , and agents from any claims and damages , known and unknown , arising out of or in any way connected with any claim you have against any such third parties . 
",0
"rovio shall have no liability to you or any third party in the event that rovio exercises any such rights . 
",0
"subject to mandatory legislation , you acknowledge that rovio is not required to provide a refund for virtual goods for any reason , and that you will not receive money or other compensation for unused virtual goods , whether your loss of license under this eula was voluntary or involuntary . 
",0
"in no event will rovio , rovio 's affiliates , rovio 's licensors or channel partners be liable for special , incidental or consequential damages resulting from possession , access , use or malfunction of the rovio services , including but not limited to , damages to property , loss of goodwill , computer failure or malfunction and , to the extent permitted by law , damages for personal injuries , property damage , lost profits or punitive damages from any causes of action arising out of or related to this eula or the software , whether arising in tort ( including negligence ) , contract , strict liability or otherwise and whether or not rovio , rovio 's licensors or channel partners have been advised of the possibility of such damages . 
",0
"in no event shall rovio 's , rovio 's affiliates ' , rovio 's licensors ' or channel partners ' liability for all damages ( except as required by applicable law ) exceed the actual price paid by you for use of the rovio services or five euros ( eur 5 ) , whichever less . 
",0
"onavo may terminate this agreement , or terminate or suspend your access to any of the services at any time , with or without cause , with or without notice . 
",1
"upon such termination or suspension , your right to use the services will immediately cease . 
",1
"any unauthorized use of the services or other failure by you to comply with the terms of this agreement will be deemed a material breach of this agreement and will entitle onavo , without derogating from any other remedies available to it , to immediately suspend or terminate this agreement with no liability to you . 
",1
"in no event shall onavo be liable to anyone for any indirect , punitive , special , exemplary , incidental , consequential or other damages of any type or kind ( including loss of data , revenue , profits , use or other economic advantage ) arising out of , or in any way connected with the services , including but not limited to the use or inability to use the services , or for any content obtained from or through the services , any interruption , inaccuracy , error or omission , even if onavo has been previously advised of the possibility of such damages . 
",0
"insofar as the services utilize components or functions operated or managed by third parties , onavo will not be liable for any form of liability , including , but not limited to any direct or indirect damage , pecuniary or otherwise , arising from the use of , reliance on , or in connection with , such third parties ' components and functions . 
",0
"we will not be liable , directly or indirectly , for any damage or loss caused or alleged to be caused by or in connection with your use of or reliance on any such content , goods or services available on or through any third party websites , content or mobile application . 
",0
"in no event shall the licensor be liable for the removal or disabling of , or for imposing limits on , access to or use of the service . 
",0
"6.3 to the extent not prohibited by law , in no event shall the licensor be liable for personal injury , or any incidental , special , indirect , consequential or punitive damages whatsoever , including , without limitation : 
",0
"( f ) any other commercial damages or losses 
",0
"arising out of or related to the licensee 's use or inability to use the service , however caused , whether in contract , tort or otherwise and even if the licensor has been advised of the possibility of such damages . 
",0
"6.4 in no event shall the licensor 's total liability to the licensee for all damages exceed the amount of fifty euros ( $ 50.00 ) . 
",0
"the licensee 's rights under the license shall terminate automatically without notice from the licensor if the licensee fails to comply with any term or condition of these terms of use . 
",1
"we are entitled , without any liability , to refuse , restrict , limit , suspend and/or interfere or interrupt the service or any part thereof , without any notice to you for the repair , improvement , and/or upgrade of the service or for any of the reasons for termination as mentioned below . 
",1
"you hereby expressly agree , that to the fullest extent not prohibited by the applicable law , that : 
",0
"the company does not warrant , endorse and will not be liable to any damage or claim for any user submissions , including without limitation , its accuracy , engagement with commercial activity , spam , or any attempts to defraud or manipulate other users with deceptive means or misrepresentation . 
",0
"you hereby expressly agree , that to the fullest extent not prohibited by the applicable law , that the company shall not be liable , in any event , for : 
",0
"any direct , indirect , special , incidental , consequential or exemplary damages , under any theory of liability , including but not limited to contract , tort ( including negligence ) , damages for loss of data , profits and goodwill , arising out of the use , misuse or inability to use the service , or by any form of malware , whether or not the company was or should have been aware or advised of the possibility of such damages ; 
",0
"any information stored , processed or transmitted via the service , including user submissions ; 
",0
"the validity , correctness or accurateness of any content disseminated , provided or otherwise delivered in connection with your use of the service . 
",0
"if you repeatedly infringe third parties ' ip your access to the service may be restricted or blocked at the company 's sole discretion . 
",1
"we may suspend or stop providing our services to you if you do not comply with our terms or policies or if we are investigating suspected misconduct . 
",1
"and we may suspend or stop a service altogether . 
",1
"google may also stop providing services to you , or add or create new limits to our services at any time . 
",1
"when permitted by law , google , and google 's suppliers and distributors , will not be responsible for lost profits , revenues , or data , financial losses or indirect , special , consequential , exemplary , or punitive damages . 
",0
"to the extent permitted by law , the total liability of google , and its suppliers and distributors , for any claims under these terms , including for any implied warranties , is limited to the amount you paid us to use the services ( or , if we choose , to supplying you the services again ) . 
",0
"in all cases , google , and its suppliers and distributors , will not be liable for any loss or damage that is not reasonably foreseeable . 
",0
"if you repeatedly infringe other people 's intellectual property rights , we will disable your account when appropriate . 
",1
"if you violate the letter or spirit of this statement , or otherwise create risk or possible legal exposure for us , we can stop providing all or part of facebook to you . 
",1
"we will not be liable to you for any lost profits or other consequential , special , indirect , or incidental damages arising out of or in connection with this statement or facebook , even if we have been advised of the possibility of such damages . 
",0
"our aggregate liability arising out of this statement or facebook will not exceed the greater of one hundred dollars ( $ 100 ) or the amount you have paid us in the past twelve months . 
",0
"in such cases , facebook 's liability will be limited to the fullest extent permitted by applicable law . 
",0
"you acknowledge that all content accessed by you using the service is at your own risk and you will be solely responsible and liable for any damage or loss to you or any other party resulting therefrom . 
",0
"you understand that all information publicly posted or privately transmitted through the site is the sole responsibility of the person from which such content originated ; that vivino will not be liable for any errors or omissions in any content ; and that vivino can not guarantee the identity of any other users with whom you may interact in the course of using the service . 
",0
"vivino may terminate your access to all or any part of the service at any time , with or without cause , with or without notice , effective immediately , which may result in the forfeiture and destruction of all information associated with your membership . 
",1
"you release vivino from all liability for you having acquired or not acquired content through the service . 
",0
"all liability of vivino , its directors , employees , agents , representatives , partners , suppliers or content providers howsoever arising for any loss suffered as a result of your use the site , service , content , user submissions or add-to link is expressly excluded to the fullest extent permitted by law , save that , if a court of competent jurisdiction determines that liability of vivino , its directors , employees , agents , representatives , partners , suppliers or content providers ( as applicable ) has arisen , the total of such liability shall be limited in aggregate to one hundred us dollars ( $ 100 ) . 
",0
"in no event shall vivino , nor its directors , employees , agents , representatives , partners , suppliers or content providers , be liable under contract , tort , strict liability , negligence or any other legal or equitable theory or otherwise ( and whether or not vivino , its directors , employees , agents , representatives , partners , suppliers or content providers had prior knowledge of the circumstances giving rise to such loss or damage ) with respect to the site , service , content , user submissions or add-to link for : 
",0
"cost of procurement of substitue goods or services . 
",0
"vivino may also impose limits on certain features and services or restrict your access to parts or all of the service without notice or liability . 
",0
"vivino shall not be liable for any failure to perform its obligations hereunder where such failure results from any cause beyond vivino 's reasonable control , including , without limitation , mechanical , electronic or communications failure or degradation ( including `` line-noise '' interference ) . 
",0
"we do not assume any liability for any content posted by you or any other 3rd party users of our website . 
",0
"in conjunction with the limitation of warranties as explained above , you expressly understand and agree that any claim against us shall be limited to the amount you paid , if any , for use of products and/or services . 
",0
"atlas solutions group inc. will not be liable for any direct , indirect , incidental , consequential or exemplary loss or damages which may be incurred by you as a result of using our resources , or as a result of any changes , data loss or corruption , cancellation , loss of access , or downtime to the full extent that applicable limitation of liability laws apply . 
",0
"you agree that we may , at our sole discretion , suspend or terminate your access to all or part of our website and resources with or without notice and for any reason , including , without limitation , breach of this user agreement . 
",1
"any suspected illegal , fraudulent or abusive activity may be grounds for terminating your relationship and may be referred to appropriate law enforcement authorities . 
",1
"we reserve the right to suspend or terminate your access to the services with notice to you if : ( a ) you 're in breach of these terms , ( b ) you 're using the services in a manner that would cause a real risk of harm or loss to us or other users , or ( c ) you do n't have a paid account and have n't accessed our services for 12 consecutive months . 
",1
"if after such notice you fail to take the steps we ask of you , we 'll terminate or suspend your access to the services . 
",1
"we wo n't provide notice before termination where : ( a ) you 're in material breach of these terms , ( b ) doing so would cause us legal liability or compromise our ability to provide the services to our other users , or ( c ) we 're prohibited from doing so by law . 
",1
"in countries where the following types of exclusions are n't allowed , we 're responsible to you only for losses and damages that are a reasonably foreseeable result of our failure to use reasonable care and skill or our breach of our contract with you . 
",0
"in countries where exclusions or limitations of liability are allowed , dropbox , its affiliates , suppliers or distributors wo n't be liable for : i ) any indirect , special , incidental , punitive , exemplary or consequential damages , or ii ) any loss of use , data , business , or profits , regardless of legal theory . 
",0
"these exclusions or limitations will apply regardless of whether or not dropbox or any of its affiliates has been warned of the possibility of such damages . 
",0
"other than for the types of liability we can not limit by law ( as described in this section ) , we limit our liability to you to the greater of $ 20 usd or 100 % of any amount you 've paid under your current service plan with dropbox . 
",0
"the company does not guarantee the accuracy , integrity , appropriateness or quality of any user content , and under no circumstances will the company be liable in any way for any user content . 
",0
"for the avoidance of doubt , the company will not be liable for any unauthorized use of user content by any user . 
",0
"likewise , except as set forth in this section or as required by applicable law , the company is not responsible for repairing or replacing your gifts , or providing you with any credit or refund or any other sum , in the event of : ( i ) the company 's change , suspension or termination of any gifts ; or ( ii ) for loss or damage due to service error , or any other reason . 
",0
"the company reserves the right to terminate gifts for cause immediately at its sole discretion without advance notice or liability . 
",0
"the company has discretion , however , to terminate the account of any user after receipt of a single notification of claimed infringement or upon the company 's own determination . 
",1
"accounts of users may be terminated immediately in the event of any unauthorized posting of pre-release sr samples . 
",1
"the company parties will not be subject to liability for the truth , accuracy or completeness of any content on the service or any other information conveyed to any user , or for errors , mistakes or omissions therein , or for any delays or interruptions of the data , or information stream from whatever cause . 
",0
"in no event will any company party be liable for any special , indirect , punitive , incidental or consequential damages , lost profits , or damages resulting from lost data or business interruption resulting from , or in connection with , the use or inability to use the service and any content thereon , whether based on warranty , contract , tort ( including negligence ) , or any other legal theory , even if such company party has been advised of the possibility of such damages . 
",0
"the company 's liability , and the liability of any other company parties , to you or any third parties in any circumstance is limited to the greater of the fees you have paid us for any gifts and u.s. $ 100 . 
",0
"the company reserves the right , in its sole discretion , to restrict , suspend , or terminate this eula and your access to all or any part of the service at any time without prior notice or liability if you breach any provision of this eula or violate the rights of any third party copyright owner of musical works or sound recordings . 
",0
"the company may further terminate this eula for any other reason upon ten ( 10 ) days ' notice to you using the email address associated with your account credentials . 
",1
"the company reserves the right to change , suspend , or discontinue all or any part of the service at any time without prior notice or liability . 
",0
"spotify reserves the right , in its absolute discretion , to determine your eligibility for a trial , and , subject to applicable laws , to withdraw or to modify a trial at any time without prior notice and with no liability , to the greatest extent permitted under the law . 
",0
"you acknowledge and agree that posting any such user content may result in immediate termination or suspension of your spotify account . 
",1
"to the extent permissible under applicable law , spotify reserves the right , periodically and at any time , to modify or discontinue , temporarily or permanently , functions and features of the spotify service , with or without notice , all without liability to you , except where prohibited by law , for any interruption , modification , or discontinuation of the spotify service or any function or feature thereof . 
",0
"spotify may terminate the agreements or suspend your access to the spotify service at any time , including in the event of your actual or suspected unauthorised use of the spotify service and/or content , or non-compliance with the agreements . 
",1
"if you or spotify terminate the agreements , or if spotify suspends your access to the spotify service , you agree that spotify shall have no liability or responsibility to you and spotify will not refund any amounts that you have already paid , to the fullest extent permitted under applicable law . 
",0
"you agree that , to the extent permitted by applicable law , your sole and exclusive remedy for any problems or dissatisfaction with the spotify service is to uninstall any spotify software and to stop using the spotify service . 
",0
"to the fullest extent permitted by law , in no event will spotify , its officers , shareholders , employees , agents , directors , subsidiaries , affiliates , successors , assigns , suppliers , or licensors be liable for ( 1 ) any indirect , special , incidental , punitive , exemplary , or consequential damages ; ( 2 ) any loss of use , data , business , or profits ( whether direct or indirect ) , in all cases arising out of the use or inability to use the spotify service , third party applications , or third party application content , regardless of legal theory , without regard to whether spotify has been warned of the possibility of those damages , and even if a remedy fails of its essential purpose ; or ( 3 ) aggregate liability for all claims relating to the spotify service , third party applications , or third party application content more than the amounts paid by you to spotify during the prior twelve months in question , to the extent permissible by applicable law . 
",0
"we may also impose limits on certain services or restrict your access to part or all of the services without notice or liability . 
",0
"we reserve the right to refuse service to anyone , and can monitor , terminate or suspend our services or your account at any time . 
",1
"we may also deactivate , terminate or suspend your account at any time : ( 1 ) if we , in our sole discretion , determine that you are or have been in violation of these terms or the spirit thereof ( as highlighted in our community guidelines ) , ( 2 ) if we , in our sole discretion , determine that you have created risk or possible legal exposure for under armour or any other athlete , ( 3 ) in response to requests by law enforcement or other government agencies , ( 4 ) upon discontinuance or material modification of any services , or ( 5 ) due to unexpected technical issues or problems . 
",1
"under no circumstances will myfitnesspal be responsible for any loss or damage resulting from your reliance on nutritional information . 
",0
"if you violate the community guidelines , we reserve the right to terminate your access to the services . 
",1
"as such , we are not liable for any damage or loss caused or alleged to be caused by or in connection with the use of or reliance on any such social networking services . 
",0
"if you do not pay the fees or charges due for your use of the premium services , we may make reasonable efforts to notify you and resolve the issue ; however , we reserve the right to disable or terminate your access to the premium services ( and may do so without notice ) . 
",1
"under armour reserves the right to cancel discounts and coupon promotions at any time . 
",1
"we reserve the right , in our absolute discretion , to modify or terminate any free trial offer , your access to the premium services during the free trial , or any of these terms without notice and with no liability . 
",0
"except as otherwise set out in these terms , and to the maximum extent permitted by applicable law , we are not responsible or liable , either directly or indirectly , for any injuries or damages that are sustained from your physical activities or your use of , or inability to use , any services or features of the services , including any content or activities that you access or learn about through our services ( e.g. , a third-party activity such as a yoga class ) , even if caused in whole or part by the action , inaction or negligence of under armour or by the action , inaction or negligence of others . 
",0
"to the maximum extent permitted by applicable law , you also expressly agree that we do not assume responsibility for any third-party activity or any other race , contest , class , athletic activity or event that utilizes or is promoted by or accessed via the services . 
",0
"to the maximum extent permitted by applicable law , under no circumstances ( including , without limitation , negligence ) shall under armour , its subsidiaries , partners or any wireless carriers be liable to you or any third party for ( a ) any indirect , incidental , special , reliance , exemplary , punitive , or consequential damages of any kind whatsoever ; ( b ) loss of profits , revenue , data , use , goodwill , or other intangible losses ; ( c ) damages relating to your access to , use of , or inability to access or use the services ; ( d ) damages relating to any conduct or content of any third party or athlete using the services , including without limitation , defamatory , offensive or illegal conduct or content ; and/or ( e ) damages in any manner relating to any third-party content , third-party products or third-party activities accessed via the services . 
",0
"to the maximum extent permitted by applicable law , this limitation applies to all claims , whether based on warranty , contract , tort , or any other legal theory , whether or not under armour has been informed of the possibility of such damage , and further where a remedy set forth herein is found to have failed its essential purpose . 
",0
"to the maximum extent permitted by applicable law , the total liability of under armour , for any claim under these terms , including for any implied warranties , is limited to the greater of one thousand dollars ( us $ 1,000.00 ) or the amount you paid us to use the applicable service ( s ) in the past twelve months . 
",0
"in particular , to the extent permitted by applicable law , we are not liable for any claims arising out of ( a ) your use of the services ( including but not limited to your participation in any activities promoted by or accessed via the services ) , ( b ) the use , disclosure , display , or maintenance of an athlete 's personal data and/or location data , ( c ) any other interactions with us or any other athletes using the services , even if we have been advised of the possibility of such damages , or ( d ) other content , information , services or goods received through or advertised on the services or received through any links provided with the services . 
",0
"we may terminate your whatsapp account if you repeatedly infringe the intellectual property rights of others . 
",1
"the whatsapp parties will not be liable to you for any lost profits or consequential , special , punitive , indirect , or incidental damages relating to , arising out of , or in any way in connection with our terms , us , or our services , even if the whatsapp parties have been advised of the possibility of such damages . 
",0
"our aggregate liability relating to , arising out of , or in any way in connection with our terms , us , or our services will not exceed the greater of one hundred dollars ( $ 100 ) or the amount you have paid us in the past twelve months . 
",0
"the foregoing disclaimer of certain damages and limitation of liability will apply to the maximum extent permitted by applicable law . 
",0
"notwithstanding anything to the contrary in our terms , in such cases , the liability of the whatsapp parties will be limited to the fullest extent permitted by applicable law . 
",0
"we may discontinue some or all of our services , including certain features and the support for certain devices and platforms , at any time . 
",1
"zynga reserves the right to stop offering and/or supporting the service or a particular game or part of the service at any time either permanently or temporarily , at which point your license to use the service or any part of it will be automatically terminated or suspended . 
",1
"if that happens , zynga is not required to provide refunds , benefits or other compensation to players in connection with discontinued elements of the service or for virtual goods previously earned or purchased . 
",0
"if you violate these terms , or any of our other terms that apply to you , we may take action against you , up to and including permanently suspending your account in addition , you may be breaking the law , including violations of zynga 's intellectual property rights . 
",1
"we may delete or terminate accounts that are inactive ( i.e. , not logged into ) for 180 days . 
",1
"any such transfer or attempted transfer is prohibited and void , and we may terminate your account because of it . 
",1
"you acknowledge that zynga is not required to provide a refund for any reason , and that you will not receive money or other compensation for unused virtual items when an account is closed , whether such closure was voluntary or involuntary , or whether you made a payment through zynga.com or another platform such as apple , google , facebook , or any other sites or platforms where we offer our services . 
",0
"we are not liable for any claim relating to any content , goods and/or services of third parties . 
",0
"we reserve the right to terminate any player 's access to the service if we determine that the player is a `` repeat infringer . '' 
",1
"you acknowledge that zynga and the zynga affiliates are not liable ( 1 ) for any indirect , incidental , special , exemplary or consequential damages , including for loss of profits , goodwill or data , in any way whatsoever arising out of the use of , or inability to use , the service ; or ( 2 ) for the conduct of third parties , including other users of the service and operators of external sites . 
",0
"to the fullest extent allowed by any law that applies , the disclaimers of liability in these terms apply to all damages or injury caused by the service , or related to use of , or inability to use , the service , under any cause of action in any jurisdiction , including , without limitation , actions for breach of warranty , breach of contract or tort ( including negligence ) . 
",0
"to the maximum extent permissible under applicable laws , the total liability of zynga and/or the zynga affiliates is limited to the total amount you have paid zynga and/or the zynga affiliate in the one hundred and eighty days ( 180 ) days immediately preceding the date on which you first assert any such claim . 
",0
"because our services evolve over time , we may change or discontinue all or any part of the services at any time and without notice . 
",1
"if you do n't , we might have to suspend or terminate your account . 
",1
"to the extent permitted by applicable law , niantic , the pokémon company ( `` tpc '' ) , and tpci disclaim all liability related to any property damage , personal injury , or death that may occur during your use of our services , including any claims based on the violation of any applicable law , rule , or regulation or your alleged negligence or other tort liability . 
",0
"any such sale , transfer , or exchange ( or attempt to do so ) is prohibited and may result in the termination of your account . 
",1
"any such sale , transfer , or exchange ( or attempt to do so ) is prohibited and may result in the termination of your account . 
",1
"we have no obligation or responsibility to , and will not reimburse or refund , you for any trading items , virtual money , or virtual goods lost due to such cancellation , suspension , or termination . 
",0
"you acknowledge that niantic is not required to provide a refund for any reason , and that you will not receive money or other compensation for unused virtual money and virtual goods when your account is closed , whether such closure was voluntary or involuntary . 
",0
"it is niantic 's policy to terminate in appropriate circumstances account holders who repeatedly infringe or are believed to be repeatedly infringing the rights of copyright holders . 
",1
"we may terminate your access to and use of the services , at our sole discretion , at any time and without notice to you . 
",1
"to the extent permitted by applicable law , neither niantic nor tpc or tpci or any other party involved in creating , producing , or delivering the services or content will be liable to you for any indirect , incidental , special , punitive , exemplary , or consequential damages , including lost profits , loss of data , or goodwill , service interruption , computer damage , or system failure or the cost of substitute services , arising out of or in connection with these terms , or from the use of or inability to use the services or content , or from any communications , interactions , or meetings with other users of the services or persons with whom you communicate or interact as a result of your use of the services , whether based on warranty , contract , tort ( including negligence ) , product liability , or any other legal theory , and whether or not niantic , tpc , or tpci have been advised of the possibility of such damages , even if a limited remedy set forth herein is found to have failed of its essential purpose . 
",0
"in no event will the total liability of niantic , tpc , or tpci arising out of or in connection with these terms or from the use of or inability to use the services or content exceed one thousand dollars ( $ 1,000 ) . 
",0
"we may terminate your account if you repeatedly infringe the intellectual property rights of others . 
",1
"the masquerade parties will not be liable for any lost profits or indirect , special , incidental , consequential , exemplary , or punitive damages relating to , arising out of , or in any way in connection with these terms and policies , us , our services , or any content even if the masquerade parties have been advised of the possibility of such damages . 
",0
"our aggregate liability relating to , arising out of , or in any way in connection with masquerade 's terms and policies , us , our services , or any content will not exceed the greater of one hundred dollars ( $ 100 ) or the amount you have paid masquerade in the past twelve months . 
",0
"the foregoing disclaimer of certain damages and limitation of liability will apply to the maximum extent permitted by applicable law . 
",0
"notwithstanding anything to the contrary in our terms , in such cases , the liability of the masquerade parties will be limited to the fullest extent permitted by applicable law . 
",0
"we may suspend , or terminate your access to or use of our services anytime for any reason , such as if you violate the letter or spirit of our terms and polices , or create harm , risk , or possible legal exposure for us , our users , or others . 
",1
"you acknowledge that breaching travel provider terms could result in the cancellation of tickets or reservations , revocation of frequent flier miles and other benefits , and additional charges . 
",1
"skyscanner has no responsibility whatsoever for any arrangements you make with any third party as a result of your use of the skyscanner services and/or skyscanner platforms ( including , without limitation , any travel provider ) . 
",0
"we have no control over the contents of those sites or resources and accept no responsibility for them or for any loss or damage that may arise from your use of them . 
",0
"each individual advertiser is solely responsible for the content of its advertising material and skyscanner accepts no responsibility for the content of advertising material , including , without limitation , any error , omission or inaccuracy therein . 
",0
"to the maximum extent permitted by law , we ( together with our officers , directors , employees , representatives , affiliates , providers and third parties ) do not accept any liability for ( a ) any inaccuracies or omissions in the content displayed on or via the skyscanner services and/or skyscanner platforms ; or ( b ) any act of god , accident , delay or any special , exemplary , punitive , indirect , incidental or consequential loss or damage of any kind ( including , without limitation , lost profits or lost savings ) , whether based in contract , tort ( including negligence ) , strict liability or otherwise , incurred by you arising out of or in connection with your access to , use of , or inability to access or use , the skyscanner services and/or skyscanner platforms or any content contained provided therein . 
",0
"subject to these terms and to the extent permitted by law , our maximum aggregate liability to you arising out of or in connection with these terms or your access to , use of , or inability to access or use , the skyscanner services and/or skyscanner platforms shall be limited to the sum of # 100 ( one hundred pounds sterling ) . 
",0
"skyscanner may in its absolute discretion immediately terminate any agreement with you under these terms at any time upon notice to you and/or , if you have a log-in account , by cancelling your membership and your access to your account . 
",1
"skyscanner may suspend your use of the skyscanner services and/or skyscanner platforms without notice at any time , without incurring any liability to you whatsoever . 
",1
"we do not sell your personal information or data to third parties or advertisers . 
",0
"your personal data is stored securely and is only accessible by you . 
",0
"we implement industry-standard encryption to protect all information you provide to us . 
",0
"no information provided by the user is sold to any outside parties or marketing agencies . 
",0
"all of the information you provide us will be kept private and confidential . 
",0
"we will not share your private messages or content with any third party without your explicit consent . 
",0
"you have the right to request a copy of your data or its immediate deletion at any time . 
",0
"we do not track your location or browsing activity outside of our platform . 
",0
"your data is used solely to provide and improve the service and for no other purpose . 
",0
"we do not use your personal content to train external artificial intelligence models . 
",0
"we will never disclose your identity to other users without your permission . 
",0
"your payment information is processed by a secure third party and is never stored on our servers . 
",0
"we do not share your contact list or address book with any other applications . 
",0
"you can opt out of all data collection except what is strictly necessary for the service to function . 
",0
"we provide clear notice and ask for your permission before accessing your camera or microphone . 
",0
"your account data is encrypted at rest and in transit using secure protocols . 
",0
"we do not sell, rent, or lease our customer lists to third parties . 
",0
"protecting your privacy is our primary concern and we strive to minimize data collection . 
",0
"we only retain your personal data for as long as is necessary to provide the requested services . 
",0
"any information shared with partners is anonymized and cannot be linked back to you personally . 
",0